Workbook

Sheet Black-Scholes
A1: European option: Black-Scholes formulas and Greeks
A2: Blue cells are inputs; every value below them is a live formula (NORM.S.DIST, LN, EXP, SQRT).
A4: Inputs | G4: Check: Excel vs Python | H4: Excel | I4: Python | J4: Difference
A5: Spot price S | B5: 100 | G5: Call price | H5: =B18 -> 10.450584 | I5: 10.450584 | J5: =IFERROR(H5-I5,"n/a") -> 0
A6: Strike K | B6: 100 | G6: Put price | H6: =B19 -> 5.573526 | I6: 5.573526 | J6: =IFERROR(H6-I6,"n/a") -> 0
A7: Years to expiry T | B7: 1 | G7: Delta call | H7: =B25 -> 0.63683065 | I7: 0.63683065 | J7: =IFERROR(H7-I7,"n/a") -> 0
A8: Risk-free rate r (continuous) | B8: 0.05 | G8: Delta put | H8: =C25 -> -0.36316935 | I8: -0.36316935 | J8: =IFERROR(H8-I8,"n/a") -> 0
A9: Volatility σ | B9: 0.2 | G9: Monte Carlo price (mean of pair averages) | H9: ='Monte Carlo'!B5 -> 10.342482 | I9: 10.342482 | J9: =IFERROR(H9-I9,"n/a") -> 0
A10: Dividend yield q (continuous) | B10: 0 | G10: 95% CI lower | H10: ='Monte Carlo'!B7 -> 10.137568 | I10: 10.137568 | J10: =IFERROR(H10-I10,"n/a") -> 0
A11: Option type (call / put) | B11: call | G11: 95% CI upper | H11: ='Monte Carlo'!B8 -> 10.547397 | I11: 10.547397 | J11: =IFERROR(H11-I11,"n/a") -> 0
A13: Black-Scholes
A14: d1 | B14: =(LN(B5/B6)+(B8-B10+B9^2/2)*B7)/(B9*SQRT(B7)) -> 0.35
A15: d2 | B15: =B14-B9*SQRT(B7) -> 0.15
A16: N(d1) | B16: =_xlfn.NORM.S.DIST(B14,TRUE()) -> 0.63683065
A17: N(d2) | B17: =_xlfn.NORM.S.DIST(B15,TRUE()) -> 0.55961769
A18: Call price | B18: =B5*EXP(-B10*B7)*B16-B6*EXP(-B8*B7)*B17 -> 10.450584
A19: Put price | B19: =B6*EXP(-B8*B7)*_xlfn.NORM.S.DIST(-B15,TRUE())-B5*EXP(-B10*B7)*_xlfn.NORM.S.DIST(-B14,TRUE()) -> 5.573526
A20: Put-call parity check: C - P - (S e^-qT - K e^-rT) | B20: =B18-B19-(B5*EXP(-B10*B7)-B6*EXP(-B8*B7)) -> 0
A21: Price of the chosen option | B21: =IF(LOWER(B11)="put",B19,B18) -> 10.450584
A23: Greeks
A24: Greek | B24: Call | C24: Put | D24: Unit | E24: Formula (call)
A25: Delta | B25: =EXP(-B10*B7)*B16 -> 0.63683065 | C25: =-EXP(-B10*B7)*_xlfn.NORM.S.DIST(-B14,TRUE()) -> -0.36316935 | D25: per $1 of S | E25: e^-qT N(d1)
A26: Gamma | B26: =EXP(-B10*B7)*_xlfn.NORM.S.DIST($B$14,FALSE())/(B5*B9*SQRT(B7)) -> 0.018762017 | C26: =B26 -> 0.018762017 | D26: per $1 of S | E26: e^-qT φ(d1) / (S σ √T)
A27: Vega (per 1 vol point) | B27: =B5*EXP(-B10*B7)*_xlfn.NORM.S.DIST($B$14,FALSE())*SQRT(B7)/100 -> 0.37524035 | C27: =B27 -> 0.37524035 | D27: per 1% of σ | E27: S e^-qT φ(d1) √T / 100
A28: Theta (per year) | B28: =-B5*EXP(-B10*B7)*_xlfn.NORM.S.DIST($B$14,FALSE())*B9/(2*SQRT(B7))-B8*B6*EXP(-B8*B7)*B17+B10*B5*EXP(-B10*B7)*B16 -> -6.4140275 | C28: =-B5*EXP(-B10*B7)*_xlfn.NORM.S.DIST($B$14,FALSE())*B9/(2*SQRT(B7))+B8*B6*EXP(-B8*B7)*_xlfn.NORM.S.DIST(-B15,TRUE())-B10*B5*EXP(-B10*B7)*_xlfn.NORM.S.DIST(-B14,TRUE()) -> -1.6578804 | D28: per year
A29: Theta (per calendar day) | B29: =B28/365 -> -0.017572678 | C29: =C28/365 -> -0.0045421381 | D29: per day | E29: theta / 365
A30: Rho (per 1% rate) | B30: =B6*B7*EXP(-B8*B7)*B17/100 -> 0.53232482 | C30: =-B6*B7*EXP(-B8*B7)*_xlfn.NORM.S.DIST(-B15,TRUE())/100 -> -0.41890461 | D30: per 1% of r | E30: K T e^-rT N(d2) / 100
A32: Notes
A33: Textbook check (S = K = 100, r = 5%, σ = 20%, T = 1, q = 0): call 10.4506, put 5.5735,
A34: delta 0.6368 / -0.3632, gamma 0.0188, vega 0.3752 per vol point, theta -6.414 / -1.658 per year, rho 0.5323 / -0.4189 per 1%.

Sheet Monte Carlo
A1: Monte Carlo with antithetic variates (live formulas)
A2: 5,000 standard-normal draws z (data) -> S_T for z and -z -> discounted payoffs -> pair average. Seed 42.
A4: Antithetic pairs | B4: =COUNT($F$12:$F$5011) -> 5000
A5: Monte Carlo price (mean of pair averages) | B5: =AVERAGE($F$12:$F$5011) -> 10.342482
A6: Standard error STDEV.S / √pairs | B6: =_xlfn.STDEV.S($F$12:$F$5011)/SQRT(B4) -> 0.10455018
A7: 95% CI lower | B7: =B5-_xlfn.NORM.S.INV(0.975)*B6 -> 10.137568
A8: 95% CI upper | B8: =B5+_xlfn.NORM.S.INV(0.975)*B6 -> 10.547397
A9: Black-Scholes price | B9: ='Black-Scholes'!B21 -> 10.450584
A10: Black-Scholes inside the 95% CI? | B10: =IF(AND(B9>=B7,B9<=B8),"yes","no") -> yes
A11: Draw | B11: z | C11: S_T (z) | D11: S_T (-z) | E11: Payoff (z) | F11: Pair average | G11: Payoff (-z)
A12: 1 | B12: 0.41832997 | C12: ='Black-Scholes'!$B$5*EXP(('Black-Scholes'!$B$8-'Black-Scholes'!$B$10-'Black-Scholes'!$B$9^2/2)*'Black-Scholes'!$B$7+'Black-Scholes'!$B$9*SQRT('Black-Scholes'!$B$7)*B12) -> 112.03778 | D12: ='Black-Scholes'!$B$5*EXP(('Black-Scholes'!$B$8-'Black-Scholes'!$B$10-'Black-Scholes'!$B$9^2/2)*'Black-Scholes'!$B$7-'Black-Scholes'!$B$9*SQRT('Black-Scholes'!$B$7)*B12) -> 94.774861 | E12: =EXP(-'Black-Scholes'!$B$8*'Black-Scholes'!$B$7)*IF(LOWER('Black-Scholes'!$B$11)="put",MAX('Black-Scholes'!$B$6-C12,0),MAX(C12-'Black-Scholes'!$B$6,0)) -> 11.450695 | F12: =(E12+G12)/2 -> 5.7253476 | G12: =EXP(-'Black-Scholes'!$B$8*'Black-Scholes'!$B$7)*IF(LOWER('Black-Scholes'!$B$11)="put",MAX('Black-Scholes'!$B$6-D12,0),MAX(D12-'Black-Scholes'!$B$6,0)) -> 0
A13: 2 | B13: 0.60557617 | C13: ='Black-Scholes'!$B$5*EXP(('Black-Scholes'!$B$8-'Black-Scholes'!$B$10-'Black-Scholes'!$B$9^2/2)*'Black-Scholes'!$B$7+'Black-Scholes'!$B$9*SQRT('Black-Scholes'!$B$7)*B13) -> 116.31307 | D13: ='Black-Scholes'!$B$5*EXP(('Black-Scholes'!$B$8-'Black-Scholes'!$B$10-'Black-Scholes'!$B$9^2/2)*'Black-Scholes'!$B$7-'Black-Scholes'!$B$9*SQRT('Black-Scholes'!$B$7)*B13) -> 91.291251 | E13: =EXP(-'Black-Scholes'!$B$8*'Black-Scholes'!$B$7)*IF(LOWER('Black-Scholes'!$B$11)="put",MAX('Black-Scholes'!$B$6-C13,0),MAX(C13-'Black-Scholes'!$B$6,0)) -> 15.517471 | F13: =(E13+G13)/2 -> 7.7587353 | G13: =EXP(-'Black-Scholes'!$B$8*'Black-Scholes'!$B$7)*IF(LOWER('Black-Scholes'!$B$11)="put",MAX('Black-Scholes'!$B$6-D13,0),MAX(D13-'Black-Scholes'!$B$6,0)) -> 0
A14: 3 | B14: 0.02878786 | C14: ='Black-Scholes'!$B$5*EXP(('Black-Scholes'!$B$8-'Black-Scholes'!$B$10-'Black-Scholes'!$B$9^2/2)*'Black-Scholes'!$B$7+'Black-Scholes'!$B$9*SQRT('Black-Scholes'!$B$7)*B14) -> 103.64046 | D14: ='Black-Scholes'!$B$5*EXP(('Black-Scholes'!$B$8-'Black-Scholes'!$B$10-'Black-Scholes'!$B$9^2/2)*'Black-Scholes'!$B$7-'Black-Scholes'!$B$9*SQRT('Black-Scholes'!$B$7)*B14) -> 102.45387 | E14: =EXP(-'Black-Scholes'!$B$8*'Black-Scholes'!$B$7)*IF(LOWER('Black-Scholes'!$B$11)="put",MAX('Black-Scholes'!$B$6-C14,0),MAX(C14-'Black-Scholes'!$B$6,0)) -> 3.4629091 | F14: =(E14+G14)/2 -> 2.8985495 | G14: =EXP(-'Black-Scholes'!$B$8*'Black-Scholes'!$B$7)*IF(LOWER('Black-Scholes'!$B$11)="put",MAX('Black-Scholes'!$B$6-D14,0),MAX(D14-'Black-Scholes'!$B$6,0)) -> 2.33419
A15: 4 | B15: -1.084246 | C15: ='Black-Scholes'!$B$5*EXP(('Black-Scholes'!$B$8-'Black-Scholes'!$B$10-'Black-Scholes'!$B$9^2/2)*'Black-Scholes'!$B$7+'Black-Scholes'!$B$9*SQRT('Black-Scholes'!$B$7)*B15) -> 82.956883 | D15: ='Black-Scholes'!$B$5*EXP(('Black-Scholes'!$B$8-'Black-Scholes'!$B$10-'Black-Scholes'!$B$9^2/2)*'Black-Scholes'!$B$7-'Black-Scholes'!$B$9*SQRT('Black-Scholes'!$B$7)*B15) -> 127.99861 | E15: =EXP(-'Black-Scholes'!$B$8*'Black-Scholes'!$B$7)*IF(LOWER('Black-Scholes'!$B$11)="put",MAX('Black-Scholes'!$B$6-C15,0),MAX(C15-'Black-Scholes'!$B$6,0)) -> 0 | F15: =(E15+G15)/2 -> 13.31655 | G15: =EXP(-'Black-Scholes'!$B$8*'Black-Scholes'!$B$7)*IF(LOWER('Black-Scholes'!$B$11)="put",MAX('Black-Scholes'!$B$6-D15,0),MAX(D15-'Black-Scholes'!$B$6,0)) -> 26.633099
A16: 5 | B16: 1.464221 | C16: ='Black-Scholes'!$B$5*EXP(('Black-Scholes'!$B$8-'Black-Scholes'!$B$10-'Black-Scholes'!$B$9^2/2)*'Black-Scholes'!$B$7+'Black-Scholes'!$B$9*SQRT('Black-Scholes'!$B$7)*B16) -> 138.10502 | D16: ='Black-Scholes'!$B$5*EXP(('Black-Scholes'!$B$8-'Black-Scholes'!$B$10-'Black-Scholes'!$B$9^2/2)*'Black-Scholes'!$B$7-'Black-Scholes'!$B$9*SQRT('Black-Scholes'!$B$7)*B16) -> 76.886168 | E16: =EXP(-'Black-Scholes'!$B$8*'Black-Scholes'!$B$7)*IF(LOWER('Black-Scholes'!$B$11)="put",MAX('Black-Scholes'!$B$6-C16,0),MAX(C16-'Black-Scholes'!$B$6,0)) -> 36.246612 | F16: =(E16+G16)/2 -> 18.123306 | G16: =EXP(-'Black-Scholes'!$B$8*'Black-Scholes'!$B$7)*IF(LOWER('Black-Scholes'!$B$11)="put",MAX('Black-Scholes'!$B$6-D16,0),MAX(D16-'Black-Scholes'!$B$6,0)) -> 0
A17: 6 | B17: 0.29072736 | C17: ='Black-Scholes'!$B$5*EXP(('Black-Scholes'!$B$8-'Black-Scholes'!$B$10-'Black-Scholes'!$B$9^2/2)*'Black-Scholes'!$B$7+'Black-Scholes'!$B$9*SQRT('Black-Scholes'!$B$7)*B17) -> 109.2147 | D17: ='Black-Scholes'!$B$5*EXP(('Black-Scholes'!$B$8-'Black-Scholes'!$B$10-'Black-Scholes'!$B$9^2/2)*'Black-Scholes'!$B$7-'Black-Scholes'!$B$9*SQRT('Black-Scholes'!$B$7)*B17) -> 97.224692 | E17: =EXP(-'Black-Scholes'!$B$8*'Black-Scholes'!$B$7)*IF(LOWER('Black-Scholes'!$B$11)="put",MAX('Black-Scholes'!$B$6-C17,0),MAX(C17-'Black-Scholes'!$B$6,0)) -> 8.7652925 | F17: =(E17+G17)/2 -> 4.3826462 | G17: =EXP(-'Black-Scholes'!$B$8*'Black-Scholes'!$B$7)*IF(LOWER('Black-Scholes'!$B$11)="put",MAX('Black-Scholes'!$B$6-D17,0),MAX(D17-'Black-Scholes'!$B$6,0)) -> 0
A18: 7 | B18: -1.3307564 | C18: ='Black-Scholes'!$B$5*EXP(('Black-Scholes'!$B$8-'Black-Scholes'!$B$10-'Black-Scholes'!$B$9^2/2)*'Black-Scholes'!$B$7+'Black-Scholes'!$B$9*SQRT('Black-Scholes'!$B$7)*B18) -> 78.96612 | D18: ='Black-Scholes'!$B$5*EXP(('Black-Scholes'!$B$8-'Black-Scholes'!$B$10-'Black-Scholes'!$B$9^2/2)*'Black-Scholes'!$B$7-'Black-Scholes'!$B$9*SQRT('Black-Scholes'!$B$7)*B18) -> 134.46736 | E18: =EXP(-'Black-Scholes'!$B$8*'Black-Scholes'!$B$7)*IF(LOWER('Black-Scholes'!$B$11)="put",MAX('Black-Scholes'!$B$6-C18,0),MAX(C18-'Black-Scholes'!$B$6,0)) -> 0 | F18: =(E18+G18)/2 -> 16.393182 | G18: =EXP(-'Black-Scholes'!$B$8*'Black-Scholes'!$B$7)*IF(LOWER('Black-Scholes'!$B$11)="put",MAX('Black-Scholes'!$B$6-D18,0),MAX(D18-'Black-Scholes'!$B$6,0)) -> 32.786364
A19: 8 | B19: -0.034723462 | C19: ='Black-Scholes'!$B$5*EXP(('Black-Scholes'!$B$8-'Black-Scholes'!$B$10-'Black-Scholes'!$B$9^2/2)*'Black-Scholes'!$B$7+'Black-Scholes'!$B$9*SQRT('Black-Scholes'!$B$7)*B19) -> 102.33231 | D19: ='Black-Scholes'!$B$5*EXP(('Black-Scholes'!$B$8-'Black-Scholes'!$B$10-'Black-Scholes'!$B$9^2/2)*'Black-Scholes'!$B$7-'Black-Scholes'!$B$9*SQRT('Black-Scholes'!$B$7)*B19) -> 103.76356 | E19: =EXP(-'Black-Scholes'!$B$8*'Black-Scholes'!$B$7)*IF(LOWER('Black-Scholes'!$B$11)="put",MAX('Black-Scholes'!$B$6-C19,0),MAX(C19-'Black-Scholes'!$B$6,0)) -> 2.2185653 | F19: =(E19+G19)/2 -> 2.8992886 | G19: =EXP(-'Black-Scholes'!$B$8*'Black-Scholes'!$B$7)*IF(LOWER('Black-Scholes'!$B$11)="put",MAX('Black-Scholes'!$B$6-D19,0),MAX(D19-'Black-Scholes'!$B$6,0)) -> 3.5800119
A20: 9 | B20: 0.28041847 | C20: ='Black-Scholes'!$B$5*EXP(('Black-Scholes'!$B$8-'Black-Scholes'!$B$10-'Black-Scholes'!$B$9^2/2)*'Black-Scholes'!$B$7+'Black-Scholes'!$B$9*SQRT('Black-Scholes'!$B$7)*B20) -> 108.98975 | D20: ='Black-Scholes'!$B$5*EXP(('Black-Scholes'!$B$8-'Black-Scholes'!$B$10-'Black-Scholes'!$B$9^2/2)*'Black-Scholes'!$B$7-'Black-Scholes'!$B$9*SQRT('Black-Scholes'!$B$7)*B20) -> 97.425355 | E20: =EXP(-'Black-Scholes'!$B$8*'Black-Scholes'!$B$7)*IF(LOWER('Black-Scholes'!$B$11)="put",MAX('Black-Scholes'!$B$6-C20,0),MAX(C20-'Black-Scholes'!$B$6,0)) -> 8.5513188 | F20: =(E20+G20)/2 -> 4.2756594 | G20: =EXP(-'Black-Scholes'!$B$8*'Black-Scholes'!$B$7)*IF(LOWER('Black-Scholes'!$B$11)="put",MAX('Black-Scholes'!$B$6-D20,0),MAX(D20-'Black-Scholes'!$B$6,0)) -> 0
A21: 10 | B21: 0.10749307 | C21: ='Black-Scholes'!$B$5*EXP(('Black-Scholes'!$B$8-'Black-Scholes'!$B$10-'Black-Scholes'!$B$9^2/2)*'Black-Scholes'!$B$7+'Black-Scholes'!$B$9*SQRT('Black-Scholes'!$B$7)*B21) -> 105.28477 | D21: ='Black-Scholes'!$B$5*EXP(('Black-Scholes'!$B$8-'Black-Scholes'!$B$10-'Black-Scholes'!$B$9^2/2)*'Black-Scholes'!$B$7-'Black-Scholes'!$B$9*SQRT('Black-Scholes'!$B$7)*B21) -> 100.85376 | E21: =EXP(-'Black-Scholes'!$B$8*'Black-Scholes'!$B$7)*IF(LOWER('Black-Scholes'!$B$11)="put",MAX('Black-Scholes'!$B$6-C21,0),MAX(C21-'Black-Scholes'!$B$6,0)) -> 5.0270313 | F21: =(E21+G21)/2 -> 2.9195777 | G21: =EXP(-'Black-Scholes'!$B$8*'Black-Scholes'!$B$7)*IF(LOWER('Black-Scholes'!$B$11)="put",MAX('Black-Scholes'!$B$6-D21,0),MAX(D21-'Black-Scholes'!$B$6,0)) -> 0.81212402
A22: 11 | B22: -1.9208009 | C22: ='Black-Scholes'!$B$5*EXP(('Black-Scholes'!$B$8-'Black-Scholes'!$B$10-'Black-Scholes'!$B$9^2/2)*'Black-Scholes'!$B$7+'Black-Scholes'!$B$9*SQRT('Black-Scholes'!$B$7)*B22) -> 70.176256 | D22: ='Black-Scholes'!$B$5*EXP(('Black-Scholes'!$B$8-'Black-Scholes'!$B$10-'Black-Scholes'!$B$9^2/2)*'Black-Scholes'!$B$7-'Black-Scholes'!$B$9*SQRT('Black-Scholes'!$B$7)*B22) -> 151.30995 | E22: =EXP(-'Black-Scholes'!$B$8*'Black-Scholes'!$B$7)*IF(LOWER('Black-Scholes'!$B$11)="put",MAX('Black-Scholes'!$B$6-C22,0),MAX(C22-'Black-Scholes'!$B$6,0)) -> 0 | F22: =(E22+G22)/2 -> 24.403765 | G22: =EXP(-'Black-Scholes'!$B$8*'Black-Scholes'!$B$7)*IF(LOWER('Black-Scholes'!$B$11)="put",MAX('Black-Scholes'!$B$6-D22,0),MAX(D22-'Black-Scholes'!$B$6,0)) -> 48.807531
A23: 12 | B23: 1.578645 | C23: ='Black-Scholes'!$B$5*EXP(('Black-Scholes'!$B$8-'Black-Scholes'!$B$10-'Black-Scholes'!$B$9^2/2)*'Black-Scholes'!$B$7+'Black-Scholes'!$B$9*SQRT('Black-Scholes'!$B$7)*B23) -> 141.30196 | D23: ='Black-Scholes'!$B$5*EXP(('Black-Scholes'!$B$8-'Black-Scholes'!$B$10-'Black-Scholes'!$B$9^2/2)*'Black-Scholes'!$B$7-'Black-Scholes'!$B$9*SQRT('Black-Scholes'!$B$7)*B23) -> 75.146624 | E23: =EXP(-'Black-Scholes'!$B$8*'Black-Scholes'!$B$7)*IF(LOWER('Black-Scholes'!$B$11)="put",MAX('Black-Scholes'!$B$6-C23,0),MAX(C23-'Black-Scholes'!$B$6,0)) -> 39.287643 | F23: =(E23+G23)/2 -> 19.643821 | G23: =EXP(-'Black-Scholes'!$B$8*'Black-Scholes'!$B$7)*IF(LOWER('Black-Scholes'!$B$11)="put",MAX('Black-Scholes'!$B$6-D23,0),MAX(D23-'Black-Scholes'!$B$6,0)) -> 0
... A5011: 5000 | B5011: 1.6976098 | C5011: ='Black-Scholes'!$B$5*EXP(('Black-Scholes'!$B$8-'Black-Scholes'!$B$10-'Black-Scholes'!$B$9^2/2)*'Black-Scholes'!$B$7+'Black-Scholes'!$B$9*SQRT('Black-Scholes'!$B$7)*B5011) -> 144.70427 | D5011: ='Black-Scholes'!$B$5*EXP(('Black-Scholes'!$B$8-'Black-Scholes'!$B$10-'Black-Scholes'!$B$9^2/2)*'Black-Scholes'!$B$7-'Black-Scholes'!$B$9*SQRT('Black-Scholes'!$B$7)*B5011) -> 73.379766 | E5011: =EXP(-'Black-Scholes'!$B$8*'Black-Scholes'!$B$7)*IF(LOWER('Black-Scholes'!$B$11)="put",MAX('Black-Scholes'!$B$6-C5011,0),MAX(C5011-'Black-Scholes'!$B$6,0)) -> 42.524016 | F5011: =(E5011+G5011)/2 -> 21.262008 | G5011: =EXP(-'Black-Scholes'!$B$8*'Black-Scholes'!$B$7)*IF(LOWER('Black-Scholes'!$B$11)="put",MAX('Black-Scholes'!$B$6-D5011,0),MAX(D5011-'Black-Scholes'!$B$6,0)) -> 0

Sheet Convergence
A1: Payoffs used (2 x pairs) | B1: MC estimate | C1: 95% CI lower | D1: 95% CI upper | E1: Black-Scholes
A2: 102 | B2: 10.192915 | C2: 8.1177546 | D2: 12.268075 | E2: ='Black-Scholes'!$B$21 -> 10.450584
A3: 202 | B3: 10.372321 | C3: 8.982021 | D3: 11.762622 | E3: ='Black-Scholes'!$B$21 -> 10.450584
A4: 304 | B4: 10.060522 | C4: 8.9907875 | D4: 11.130256 | E4: ='Black-Scholes'!$B$21 -> 10.450584
A5: 404 | B5: 9.9689669 | C5: 8.9138572 | D5: 11.024077 | E5: ='Black-Scholes'!$B$21 -> 10.450584
A6: 506 | B6: 10.036831 | C6: 9.0963534 | D6: 10.977308 | E6: ='Black-Scholes'!$B$21 -> 10.450584
A7: 606 | B7: 10.084672 | C7: 9.2438462 | D7: 10.925499 | E7: ='Black-Scholes'!$B$21 -> 10.450584
A8: 708 | B8: 10.134276 | C8: 9.3537953 | D8: 10.914757 | E8: ='Black-Scholes'!$B$21 -> 10.450584
A9: 808 | B9: 10.07409 | C9: 9.3451982 | D9: 10.802982 | E9: ='Black-Scholes'!$B$21 -> 10.450584
A10: 910 | B10: 10.108114 | C10: 9.4353081 | D10: 10.78092 | E10: ='Black-Scholes'!$B$21 -> 10.450584
A11: 1010 | B11: 10.045488 | C11: 9.4214294 | D11: 10.669546 | E11: ='Black-Scholes'!$B$21 -> 10.450584
A12: 1112 | B12: 9.9592645 | C12: 9.3710402 | D12: 10.547489 | E12: ='Black-Scholes'!$B$21 -> 10.450584
A13: 1212 | B13: 10.231261 | C13: 9.650145 | D13: 10.812377 | E13: ='Black-Scholes'!$B$21 -> 10.450584
... A100: 10000 | B100: 10.342482 | C100: 10.137568 | D100: 10.547397 | E100: ='Black-Scholes'!$B$21 -> 10.450584
